{"0":{"uv0":[0.4453125,0.7734375],"uv1":[0.546875,0.671875]},"1":{"uv0":[0.5546875,0.8828125],"uv1":[0.6171875,0.78125]},"2":{"uv0":[0.0078125,0.2265625],"uv1":[0.109375,0.125]},"3":{"uv0":[0.8203125,0.9921875],"uv1":[0.921875,0.890625]},"4":{"uv0":[0.1171875,0.3359375],"uv1":[0.21875,0.234375]},"5":{"uv0":[0.2265625,0.4453125],"uv1":[0.328125,0.34375]},"6":{"uv0":[0.3359375,0.5546875],"uv1":[0.4375,0.453125]},"7":{"uv0":[0.4453125,0.6640625],"uv1":[0.546875,0.5625]},"8":{"uv0":[0.625,0.8828125],"uv1":[0.7265625,0.78125]},"9":{"uv0":[0.5546875,0.7734375],"uv1":[0.65625,0.671875]},"@":{"uv0":[0.4453125,0.5546875],"uv1":[0.5234375,0.4765625]},"A":{"uv0":[0.0078125,0.9921875],"uv1":[0.109375,0.890625]},"B":{"uv0":[0.0078125,0.8828125],"uv1":[0.109375,0.78125]},"C":{"uv0":[0.1171875,0.9921875],"uv1":[0.21875,0.890625]},"D":{"uv0":[0.0078125,0.7734375],"uv1":[0.109375,0.671875]},"E":{"uv0":[0.1171875,0.8828125],"uv1":[0.21875,0.78125]},"F":{"uv0":[0.2265625,0.9921875],"uv1":[0.328125,0.890625]},"G":{"uv0":[0.0078125,0.6640625],"uv1":[0.109375,0.5625]},"H":{"uv0":[0.1171875,0.7734375],"uv1":[0.21875,0.671875]},"I":{"uv0":[0.2265625,0.8828125],"uv1":[0.28125,0.78125]},"J":{"uv0":[0.3359375,0.9921875],"uv1":[0.4375,0.890625]},"K":{"uv0":[0.0078125,0.5546875],"uv1":[0.109375,0.453125]},"L":{"uv0":[0.1171875,0.6640625],"uv1":[0.21875,0.5625]},"M":{"uv0":[0.2890625,0.8828125],"uv1":[0.4375,0.78125]},"N":{"uv0":[0.2265625,0.7734375],"uv1":[0.328125,0.671875]},"O":{"uv0":[0.4453125,0.9921875],"uv1":[0.546875,0.890625]},"P":{"uv0":[0.0078125,0.4453125],"uv1":[0.109375,0.34375]},"Q":{"uv0":[0.1171875,0.5546875],"uv1":[0.21875,0.453125]},"R":{"uv0":[0.2265625,0.6640625],"uv1":[0.328125,0.5625]},"S":{"uv0":[0.3359375,0.7734375],"uv1":[0.4375,0.671875]},"T":{"uv0":[0.4453125,0.8828125],"uv1":[0.546875,0.78125]},"U":{"uv0":[0.5546875,0.9921875],"uv1":[0.65625,0.890625]},"V":{"uv0":[0.0078125,0.3359375],"uv1":[0.109375,0.234375]},"W":{"uv0":[0.6640625,0.9921875],"uv1":[0.8125,0.890625]},"X":{"uv0":[0.1171875,0.4453125],"uv1":[0.21875,0.34375]},"Y":{"uv0":[0.2265625,0.5546875],"uv1":[0.328125,0.453125]},"Z":{"uv0":[0.3359375,0.6640625],"uv1":[0.4375,0.5625]}}